master_key,plaintext,ciphertext
b5d70e19f643fd23cc4fdfe8ed9b0d2ec87e5d5cd5f941c9b6b4e15fc83c00eb,1be88fbd498596ef7f18caeed22be703,00000000000000000000000000000000
b5d70e19f643fd23cc4fdfe8ed9b0d2ec87e5d5cd5f941c9b6b4e15fc83c00eb,fbb3e0e47c9356785aac18086c35834b,ffffffffffffffffffffffffffffffff
0000000000000000000000000000000000000000000000000000000000000000,67671ce1fa91ddeb0f8fbbb366b531b4,00000000000000000000000000000000
0000000000000000000000000000000000000000000000000000000000000000,129fa9467c537710b3645eac4d3edffb,ffffffffffffffffffffffffffffffff
ffffffffffffffffffffffffffffffffffffffffffffffffffffffffffffffff,6c359ca558428b8d844e59cecfc9f3c4,00000000000000000000000000000000
ffffffffffffffffffffffffffffffffffffffffffffffffffffffffffffffff,f21e61dedb4b646220dfa009563fbcfc,ffffffffffffffffffffffffffffffff
0000000000000000000000000000000000000000000000000000000000000000,52525252525252525252525252525252,NONE
0000000000000000000000000000000000000000000000000000000000000000,7d7d7d7d7d7d7d7d7d7d7d7d7d7d7d7d,NONE
5252525252525252525252525252525252525252525252525252525252525252,00000000000000000000000000000000,NONE
7d7d7d7d7d7d7d7d7d7d7d7d7d7d7d7d7d7d7d7d7d7d7d7d7d7d7d7d7d7d7d7d,00000000000000000000000000000000,NONE
5209525252095252520952525209525252095252520952525209525252095252,00000000000000000000000000000000,NONE
7d0c7d7d7d0c7d7d7d0c7d7d7d0c7d7d7d0c7d7d7d0c7d7d7d0c7d7d7d0c7d7d,00000000000000000000000000000000,NONE